
{
    "region" : "us-east-1",
    "configuration" : "Debug",
    "framework"     : "net8.0",
    "self-contained" : true,
    "application"    : "PropertyGalla",
    "environment"    : "PropertyGalla-dev",
    "enable-xray"    : false,
    "enhanced-health-type" : "basic",
    "additional-options"   : "\"aws:autoscaling:launchconfiguration,SecurityGroups\"=\"sg-09ba1bbbe42e855e1,sg-0a7175b6d38a490e7\";\"aws:ec2:vpc,Subnets\"=\"subnet-0ed3dd5fad0bef369\"",
    "solution-stack"       : "64bit Amazon Linux 2 v2.10.0 running .NET Core",
    "environment-type"     : "SingleInstance",
    "cname"                : "propertygalla-dev",
    "instance-type"        : "t2.micro",
    "key-pair"             : "vockey",
    "instance-profile"     : "LabInstanceProfile",
    "service-role"         : "LabRole",
    "proxy-server"         : "nginx"
}